,stem,total,density,height,basediameter,timepoints,species,plantedyear,plantedtype
2,0.038,0.149,512,8.5,0.189,1,flax,2011,mixture
3,0.011,0.074,512,8.5,0.1255,1,flax,2011,mixture
4,0.038,0.162,512,10,0.1965,1,flax,2011,mixture
5,0.017,0.033,512,4.5,0.107,1,flax,2011,mixture
6,0.01,0.061,512,8,0.1195,1,flax,2011,mixture
7,0.007,0.041,512,6,0.125,1,flax,2011,mixture
8,0.007,0.028,512,4,0.095,1,flax,2011,mixture
9,0.013,0.038,512,4.5,0.0945,1,flax,2011,mixture
10,0.008,0.036,512,6,0.0845,1,flax,2011,mixture
11,0.007,0.037,512,2.5,0.1185,1,flax,2011,mixture
12,0.055,0.352,142,12,0.43,1,corn,2011,mixture
13,0.051,0.484,142,11,0.4115,1,corn,2011,mixture
14,0.068,0.554,142,15,0.512,1,corn,2011,mixture
15,0.004,0.021,1047,4.5,0.0965,1,flax,2011,mixture
16,0.01,0.063,1047,8,0.1265,1,flax,2011,mixture
17,0.001,0.009,1047,3.5,0.0685,1,flax,2011,mixture
18,0.009,0.04,1047,7.5,0.105,1,flax,2011,mixture
19,0.011,0.058,1047,8.5,0.107,1,flax,2011,mixture
20,0.013,0.082,1047,10,0.1485,1,flax,2011,mixture
21,0.007,0.04,1047,7,0.097,1,flax,2011,mixture
22,0.001,0.012,1047,3,0.0815,1,flax,2011,mixture
23,0.004,0.024,1047,4.5,0.081,1,flax,2011,mixture
24,0.002,0.013,1047,2.5,0.0575,1,flax,2011,mixture
25,0.114,0.843,163,19.5,0.6005,1,corn,2011,mixture
26,0.036,0.377,163,9,0.39,1,corn,2011,mixture
27,0.07,0.284,163,14,0.3895,1,corn,2011,mixture
28,0.022,0.09,1718,12,0.133,1,flax,2011,mixture
29,0.026,0.098,1718,12.5,0.1465,1,flax,2011,mixture
30,0.11,0.149,1718,10,0.1085,1,flax,2011,mixture
31,0.015,0.07,1718,11,0.1135,1,flax,2011,mixture
32,0.005,0.07,1718,6.5,0.0805,1,flax,2011,mixture
33,0.016,0.065,1718,10,0.1145,1,flax,2011,mixture
34,0.007,0.031,1718,8.5,0.0935,1,flax,2011,mixture
35,0.011,0.056,1718,10,0.1035,1,flax,2011,mixture
36,0.011,0.039,1718,8,0.084,1,flax,2011,mixture
37,0.003,0.016,1718,5.5,0.079,1,flax,2011,mixture
38,0.061,0.379,290,13,0.462,1,corn,2011,mixture
39,0.086,0.595,290,15.5,0.511,1,corn,2011,mixture
40,0.034,0.406,290,11,0.3905,1,corn,2011,mixture
41,0.006,0.022,2755,6,0.085,1,flax,2011,mixture
42,0.011,0.038,2755,8.5,0.0995,1,flax,2011,mixture
43,0.007,0.025,2755,5.5,0.084,1,flax,2011,mixture
44,0.008,0.032,2755,7.5,0.0915,1,flax,2011,mixture
45,0.003,0.016,2755,4.5,0.0815,1,flax,2011,mixture
46,0.007,0.028,2755,7,0.0815,1,flax,2011,mixture
47,0.012,0.037,2755,8,0.102,1,flax,2011,mixture
48,0.004,0.015,2755,6,0.0815,1,flax,2011,mixture
49,0.005,0.025,2755,7,0.0805,1,flax,2011,mixture
50,0.008,0.027,2755,8,0.0915,1,flax,2011,mixture
51,0.086,0.534,450,16,0.4405,1,corn,2011,mixture
52,0.051,0.402,450,12,0.4065,1,corn,2011,mixture
53,0.041,0.316,450,13,0.3725,1,corn,2011,mixture
54,0.003,0.013,3513,4,0.0805,1,flax,2011,mixture
55,0.004,0.019,3513,5,0.087,1,flax,2011,mixture
56,0.004,0.01,3513,4,0.073,1,flax,2011,mixture
57,0.003,0.014,3513,3,0.0715,1,flax,2011,mixture
58,0.002,0.013,3513,4.5,0.0865,1,flax,2011,mixture
59,0.003,0.015,3513,5,0.076,1,flax,2011,mixture
60,0.001,1.006,3513,3,0.0745,1,flax,2011,mixture
61,0.006,0.018,3513,5.5,0.085,1,flax,2011,mixture
62,0.001,0.01,3513,3,0.073,1,flax,2011,mixture
63,0.001,0.01,3513,3,0.07,1,flax,2011,mixture
64,0.062,0.411,450,13.5,0.47,1,corn,2011,mixture
65,0.105,0.597,450,20,0.344,1,corn,2011,mixture
66,0.065,0.347,450,18,0.3415,1,corn,2011,mixture
67,0.019,0.077,310,8,0.129,1,flax,2011,mixture
68,0.005,0.014,310,4.5,0.0815,1,flax,2011,mixture
69,0.008,0.033,310,7,0.092,1,flax,2011,mixture
70,0.006,0.031,310,6,0.0975,1,flax,2011,mixture
71,0.009,0.051,310,7.5,0.118,1,flax,2011,mixture
72,0.002,0.016,310,4,0.0815,1,flax,2011,mixture
73,0.011,0.055,310,7.5,0.1115,1,flax,2011,mixture
74,0.01,0.052,310,7.5,0.1085,1,flax,2011,mixture
75,0.002,0.014,310,2.5,0.066,1,flax,2011,mixture
76,0.001,0.02,310,3.5,0.062,1,flax,2011,mixture
77,0.028,0.64,63,7.5,0.39,1,corn,2011,mixture
78,0.039,0.188,63,8,0.309,1,corn,2011,mixture
79,0.037,0.392,63,11,0.436,1,corn,2011,mixture
80,0.014,0.072,604,10,0.135,1,flax,2011,mixture
81,0.043,0.176,604,10.5,0.208,1,flax,2011,mixture
82,0.015,0.054,604,9,0.1375,1,flax,2011,mixture
83,0.016,0.086,604,8.5,0.1275,1,flax,2011,mixture
84,0.009,0.044,604,7.5,0.1195,1,flax,2011,mixture
85,0.022,0.102,604,7.5,0.1595,1,flax,2011,mixture
86,0.008,0.054,604,8,0.114,1,flax,2011,mixture
87,0.016,0.075,604,9,0.1375,1,flax,2011,mixture
88,0.012,0.052,604,7.5,0.1095,1,flax,2011,mixture
89,0.006,0.019,604,5,0.076,1,flax,2011,mixture
90,0.059,0.347,146,11,0.376,1,corn,2011,mixture
91,0.039,0.338,146,12,0.3625,1,corn,2011,mixture
92,0.031,0.423,146,8,0.3235,1,corn,2011,mixture
93,0.027,0.109,1116,13,0.148,1,flax,2011,mixture
94,0.007,0.027,1116,9,0.1035,1,flax,2011,mixture
95,0.017,0.067,1116,11.5,0.13,1,flax,2011,mixture
96,0.016,0.057,1116,10.5,0.1125,1,flax,2011,mixture
97,0.018,0.077,1116,12,0.1435,1,flax,2011,mixture
98,0.007,0.035,1116,9,0.0975,1,flax,2011,mixture
99,0.004,0.022,1116,8,0.097,1,flax,2011,mixture
100,0.005,0.02,1116,7.5,0.075,1,flax,2011,mixture
101,0.003,0.017,1116,5.5,0.0725,1,flax,2011,mixture
102,0.002,0.008,1116,2.5,0.062,1,flax,2011,mixture
103,0.047,0.285,266,10,0.373,1,corn,2011,mixture
104,0.085,0.648,266,14,0.484,1,corn,2011,mixture
105,0.092,0.312,266,14,0.414,1,corn,2011,mixture
106,0.007,0.023,1056,11,0.086,1,flax,2011,mixture
107,0.009,0.032,1056,10.5,0.1175,1,flax,2011,mixture
108,0.013,0.039,1056,10.5,0.096,1,flax,2011,mixture
109,0.006,0.023,1056,10.5,0.0815,1,flax,2011,mixture
110,0.007,0.025,1056,9.5,0.0835,1,flax,2011,mixture
111,0.009,0.03,1056,9.5,0.0885,1,flax,2011,mixture
112,0.036,0.134,1056,16.5,0.1765,1,flax,2011,mixture
113,0.005,0.019,1056,8.5,0.086,1,flax,2011,mixture
114,0.01,0.055,1056,12.5,0.1185,1,flax,2011,mixture
115,0.03,0.109,1056,15,0.154,1,flax,2011,mixture
116,0.095,0.434,292,18,0.368,1,corn,2011,mixture
117,0.031,0.197,292,12,0.3195,1,corn,2011,mixture
118,0.07,0.303,292,14,0.3685,1,corn,2011,mixture
119,0.01,0.041,1523,8,0.101,1,flax,2011,mixture
120,0.004,0.02,1523,5.5,0.086,1,flax,2011,mixture
121,0.004,0.014,1523,5,0.0785,1,flax,2011,mixture
122,0.004,0.021,1523,8,0.089,1,flax,2011,mixture
123,0.005,0.025,1523,7,0.1015,1,flax,2011,mixture
124,0.002,0.009,1523,4.5,0.07,1,flax,2011,mixture
125,0.003,0.013,1523,4.5,0.0755,1,flax,2011,mixture
126,0.007,0.025,1523,8,0.0845,1,flax,2011,mixture
127,0.003,0.01,1523,4.5,0.08,1,flax,2011,mixture
128,0.004,0.017,1523,6,0.087,1,flax,2011,mixture
129,0.051,0.433,195,12,0.3945,1,corn,2011,mixture
130,0.056,0.493,195,11.5,0.411,1,corn,2011,mixture
131,0.067,0.355,195,13,0.369,1,corn,2011,mixture
132,0.006,0.033,561,6.5,0.093,1,flax,2011,mixture
133,0.005,0.046,561,7.5,0.1075,1,flax,2011,mixture
134,0.004,0.021,561,5,0.078,1,flax,2011,mixture
135,0.007,0.033,561,6.5,0.087,1,flax,2011,mixture
136,0.006,0.039,561,8,0.0995,1,flax,2011,mixture
137,0.006,0.029,561,6,0.093,1,flax,2011,mixture
138,0.006,0.038,561,6.5,0.0955,1,flax,2011,mixture
139,0.006,0.038,561,7,0.099,1,flax,2011,mixture
140,0.008,0.048,561,7.5,0.095,1,flax,2011,mixture
141,0.002,0.024,561,4,0.0805,1,flax,2011,mixture
142,0.038,0.326,55,9.5,0.372,1,corn,2011,mixture
143,0.068,0.631,55,12,0.5805,1,corn,2011,mixture
144,0.085,0.513,55,15,0.5405,1,corn,2011,mixture
145,0.01,0.066,734,9,0.1305,1,flax,2011,mixture
146,0.01,0.052,734,8,0.103,1,flax,2011,mixture
147,0.009,0.039,734,6.5,0.0885,1,flax,2011,mixture
148,0.004,0.028,734,6.5,0.0825,1,flax,2011,mixture
149,0.009,0.039,734,6.5,0.0975,1,flax,2011,mixture
150,0.011,0.048,734,8,0.0985,1,flax,2011,mixture
151,0.007,0.043,734,8,0.0925,1,flax,2011,mixture
152,0.002,0.021,734,5,0.0755,1,flax,2011,mixture
153,0.005,0.026,734,6,0.0825,1,flax,2011,mixture
154,0.003,0.031,734,6.5,0.088,1,flax,2011,mixture
155,0.026,0.242,150,7.5,0.379,1,corn,2011,mixture
156,0.071,0.697,150,12,0.5815,1,corn,2011,mixture
157,0.06,0.426,150,12,0.482,1,corn,2011,mixture
158,0.005,0.027,927,5.5,0.0815,1,flax,2011,mixture
159,0.004,0.027,927,4.5,0.0755,1,flax,2011,mixture
160,0.005,0.024,927,5,0.084,1,flax,2011,mixture
161,0.006,0.029,927,5.5,0.092,1,flax,2011,mixture
162,0.019,0.035,927,5,0.3845,1,flax,2011,mixture
163,0.004,0.023,927,5,0.0875,1,flax,2011,mixture
164,0.005,0.036,927,5,0.0765,1,flax,2011,mixture
165,0.005,0.023,927,7.5,0.0925,1,flax,2011,mixture
166,0.005,0.025,927,6,0.0815,1,flax,2011,mixture
167,0.04,0.254,927,5,0.0785,1,flax,2011,mixture
168,0.078,0.45,304,13,0.6055,1,corn,2011,mixture
169,0.037,0.289,304,11,0.4015,1,corn,2011,mixture
170,0.025,0.151,304,7,0.3585,1,corn,2011,mixture
171,0.005,0.021,1245,6,0.08,1,flax,2011,mixture
172,0.009,0.043,1245,9,0.096,1,flax,2011,mixture
173,0.003,0.013,1245,5,0.077,1,flax,2011,mixture
174,0.005,0.022,1245,6.5,0.0755,1,flax,2011,mixture
175,0.003,0.025,1245,6.5,0.08,1,flax,2011,mixture
176,0.005,0.026,1245,7.5,0.0815,1,flax,2011,mixture
177,0.005,0.033,1245,7,0.0865,1,flax,2011,mixture
178,0.003,0.024,1245,6,0.089,1,flax,2011,mixture
179,0.007,0.032,1245,8,0.094,1,flax,2011,mixture
180,0.007,0.047,1245,9,0.1105,1,flax,2011,mixture
181,0.057,0.351,517,13.5,0.4425,1,corn,2011,mixture
182,0.051,0.416,517,12,0.4205,1,corn,2011,mixture
183,0.024,0.167,517,13,0.2515,1,corn,2011,mixture
184,0.004,0.02,2759,6,0.0905,1,flax,2011,mixture
185,0.005,0.02,2759,6.5,0.0795,1,flax,2011,mixture
186,0.009,0.034,2759,10,0.0925,1,flax,2011,mixture
187,0.01,0.041,2759,10.5,0.1105,1,flax,2011,mixture
188,0.007,0.026,2759,8.5,0.0825,1,flax,2011,mixture
189,0.004,0.027,2759,8.5,0.0825,1,flax,2011,mixture
190,0.003,0.019,2759,7,0.076,1,flax,2011,mixture
191,0.002,0.012,2759,5.5,0.079,1,flax,2011,mixture
192,0.001,0.009,2759,3.5,0.0635,1,flax,2011,mixture
193,0.004,0.024,2759,7.5,0.087,1,flax,2011,mixture
194,0.017,0.233,672,7,0.254,1,corn,2011,mixture
195,0.05,0.441,672,16,0.4005,1,corn,2011,mixture
196,0.059,0.311,672,13,0.3555,1,corn,2011,mixture
197,0.262,2.644709083,37,18.5,0.7085,2,corn,2011,mixture
198,0.243,2.707983081,37,24,0.63,2,corn,2011,mixture
199,0.127,1.503298984,37,19,0.516,2,corn,2011,mixture
200,0.023,0.149762261,516,13,0.136,2,flax,2011,mixture
201,0.059,0.234309669,516,17.5,0.154,2,flax,2011,mixture
202,0.029,0.128783345,516,12.5,0.1265,2,flax,2011,mixture
203,0.095,0.465734031,516,20,0.219,2,flax,2011,mixture
204,0.075,0.443280143,516,20,0.2125,2,flax,2011,mixture
205,0.052,0.225449765,516,19.5,0.1425,2,flax,2011,mixture
206,0.026,0.124635799,516,12.5,0.124,2,flax,2011,mixture
207,0.081,0.397219662,516,22,0.1895,2,flax,2011,mixture
208,0.042,0.238159046,516,15,0.168,2,flax,2011,mixture
209,0.028,0.123737502,516,12,0.126,2,flax,2011,mixture
210,0.105,1.475183208,94,17,0.54,2,corn,2011,mixture
211,0.153,1.964156528,94,23,0.5415,2,corn,2011,mixture
212,0.095,1.127094552,94,20.5,0.4255,2,corn,2011,mixture
213,0.034,0.178243889,558,15.5,0.1385,2,flax,2011,mixture
214,0.066,0.251383333,558,18,0.1585,2,flax,2011,mixture
215,0.078,0.398041789,558,20,0.199,2,flax,2011,mixture
216,0.041,0.196588559,558,16.5,0.1425,2,flax,2011,mixture
217,0.016,0.144158995,558,10,0.1515,2,flax,2011,mixture
218,0.045,0.190871177,558,18,0.134,2,flax,2011,mixture
219,0.019,0.089707433,558,13,0.0995,2,flax,2011,mixture
220,0.019,0.091006861,558,13.5,0.0985,2,flax,2011,mixture
221,0.051,0.234072212,558,16.5,0.1585,2,flax,2011,mixture
222,0.058,0.299881591,558,18,0.1765,2,flax,2011,mixture
223,0.09,0.852170216,230,15,0.428,2,corn,2011,mixture
224,0.103,1.101431903,230,18,0.4485,2,corn,2011,mixture
225,0.233,1.76549007,230,18,0.578,2,corn,2011,mixture
226,0.12,0.548816036,1120,25,0.2165,2,flax,2011,mixture
227,0.064,0.39630992,1120,19.5,0.201,2,flax,2011,mixture
228,0.107,0.476182269,1120,23,0.207,2,flax,2011,mixture
229,0.037,0.164896148,1120,16,0.13,2,flax,2011,mixture
230,0.041,0.202756867,1120,17.5,0.141,2,flax,2011,mixture
231,0.038,0.186610877,1120,17,0.136,2,flax,2011,mixture
232,0.028,0.122090984,1120,17,0.105,2,flax,2011,mixture
233,0.068,0.279669801,1120,22,0.153,2,flax,2011,mixture
234,0.08,0.361546577,1120,23,0.175,2,flax,2011,mixture
235,0.082,0.326030964,1120,22,0.168,2,flax,2011,mixture
236,0.193,2.185604252,466,19,0.631,2,corn,2011,mixture
237,0.148,1.582621254,466,18,0.545,2,corn,2011,mixture
238,0.182,1.557938834,466,19,0.526,2,corn,2011,mixture
239,0.069,0.296190394,1516,19,0.1705,2,flax,2011,mixture
240,0.059,0.262779195,1516,19,0.1585,2,flax,2011,mixture
241,0.079,0.28673198,1516,21,0.159,2,flax,2011,mixture
242,0.068,0.329985556,1516,20,0.1775,2,flax,2011,mixture
243,0.046,0.296784663,1516,18.5,0.173,2,flax,2011,mixture
244,0.046,0.241841962,1516,17.5,0.157,2,flax,2011,mixture
245,0.046,0.337183318,1516,18.5,0.187,2,flax,2011,mixture
246,0.05,0.238756133,1516,19,0.1495,2,flax,2011,mixture
247,0.027,0.123470878,1516,14,0.1165,2,flax,2011,mixture
248,0.015,0.063887474,1516,12.5,0.0825,2,flax,2011,mixture
249,0.104,1.226766738,696,21,0.44,2,corn,2011,mixture
250,0.031,0.684985517,696,16,0.3685,2,corn,2011,mixture
251,0.049,0.59296856,696,20,0.305,2,corn,2011,mixture
252,0.017,0.098901381,4936,10.5,0.1175,2,flax,2011,mixture
253,0.018,0.079592293,4936,13,0.0925,2,flax,2011,mixture
254,0.034,0.138017805,4936,15.5,0.1185,2,flax,2011,mixture
255,0.026,0.103395907,4936,13,0.1085,2,flax,2011,mixture
256,0.035,0.135563922,4936,19.5,0.1045,2,flax,2011,mixture
257,0.007,0.03760373,4936,9.5,0.0685,2,flax,2011,mixture
258,0.01,0.057052677,4936,12.5,0.077,2,flax,2011,mixture
259,0.007,0.035820025,4936,9.5,0.0665,2,flax,2011,mixture
260,0.011,0.058873022,4936,9,0.0925,2,flax,2011,mixture
261,0.008,0.033053034,4936,8,0.069,2,flax,2011,mixture
262,0.172,1.900506996,71,20,0.5705,2,corn,2011,mixture
263,0.094,1.568233659,71,20,0.5145,2,corn,2011,mixture
264,0.108,1.631170001,71,20,0.5255,2,corn,2011,mixture
265,0.076,0.373441004,659,16,0.214,2,flax,2011,mixture
266,0.055,0.246218498,659,16,0.166,2,flax,2011,mixture
267,0.064,0.275247266,659,15,0.1835,2,flax,2011,mixture
268,0.066,0.305474642,659,18,0.1785,2,flax,2011,mixture
269,0.025,0.14172185,659,13,0.1315,2,flax,2011,mixture
270,0.038,0.178681342,659,15,0.141,2,flax,2011,mixture
271,0.033,0.183906457,659,15,0.1435,2,flax,2011,mixture
272,0.031,0.121835531,659,11.5,0.1275,2,flax,2011,mixture
273,0.018,0.091526359,659,11,0.1095,2,flax,2011,mixture
274,0.036,0.177446702,659,13.5,0.148,2,flax,2011,mixture
275,0.13,1.370885797,76,18,0.5045,2,corn,2011,mixture
276,0.158,1.920372995,76,22,0.547,2,corn,2011,mixture
277,0.127,1.263483611,76,14,0.5475,2,corn,2011,mixture
278,0.096,0.418053935,839,22,0.1955,2,flax,2011,mixture
279,0.099,0.417965311,839,20.5,0.2025,2,flax,2011,mixture
280,0.047,0.247363768,839,17,0.1615,2,flax,2011,mixture
281,0.04,0.195208046,839,18.5,0.134,2,flax,2011,mixture
282,0.079,0.344548293,839,20.5,0.18,2,flax,2011,mixture
283,0.048,0.196844061,839,17,0.1405,2,flax,2011,mixture
284,0.036,0.160377968,839,17,0.124,2,flax,2011,mixture
285,0.03,0.138909252,839,14.5,0.123,2,flax,2011,mixture
286,0.064,0.282463627,839,19.5,0.1635,2,flax,2011,mixture
287,0.008,0.047909083,839,7,0.0925,2,flax,2011,mixture
288,0.162,2.268796293,282,20,0.6275,2,corn,2011,mixture
289,0.15,2.598350328,282,19,0.6925,2,corn,2011,mixture
290,0.159,1.381058861,282,19,0.493,2,corn,2011,mixture
291,0.029,0.117169613,1534,11.5,0.1245,2,flax,2011,mixture
292,0.029,0.13625574,1534,11.5,0.1365,2,flax,2011,mixture
293,0.053,0.192794445,1534,16,0.143,2,flax,2011,mixture
294,0.067,0.294197069,1534,20,0.1655,2,flax,2011,mixture
295,0.063,0.267013959,1534,20,0.156,2,flax,2011,mixture
296,0.025,0.096370253,1534,13.5,0.102,2,flax,2011,mixture
297,0.038,0.194551617,1534,17,0.1395,2,flax,2011,mixture
298,0.026,0.151572463,1534,13,0.137,2,flax,2011,mixture
299,0.023,0.110014573,1534,11,0.1225,2,flax,2011,mixture
300,0.021,0.065803542,1534,8,0.105,2,flax,2011,mixture
301,0.07,1.085498231,492,18,0.445,2,corn,2011,mixture
302,0.106,1.325366477,492,20,0.47,2,corn,2011,mixture
303,0.156,2.374675104,492,28,0.5435,2,corn,2011,mixture
304,0.065,0.408293338,1544,24,0.1845,2,flax,2011,mixture
305,0.095,0.323071368,1544,21,0.171,2,flax,2011,mixture
306,0.17,0.06855643,1544,9,0.1015,2,flax,2011,mixture
307,0.034,0.131951379,1544,20,0.1015,2,flax,2011,mixture
308,0.018,0.078541498,1544,12,0.0955,2,flax,2011,mixture
309,0.026,0.121737526,1544,14,0.1155,2,flax,2011,mixture
310,0.031,0.126315763,1544,16,0.1105,2,flax,2011,mixture
311,0.012,0.060855954,1544,11.5,0.0835,2,flax,2011,mixture
312,0.019,0.058102538,1544,11,0.083,2,flax,2011,mixture
313,0.023,0.086769311,1544,13,0.0975,2,flax,2011,mixture
314,0.067,0.797665073,528,17,0.388,2,corn,2011,mixture
315,0.069,0.63657258,528,18,0.334,2,corn,2011,mixture
316,0.167,1.850563241,528,19,0.577,2,corn,2011,mixture
317,0.029,0.132280282,3554,14,0.1215,2,flax,2011,mixture
318,0.037,0.174785139,3554,14,0.144,2,flax,2011,mixture
319,0.024,0.140409894,3554,14,0.126,2,flax,2011,mixture
320,0.037,0.15462362,3554,16,0.125,2,flax,2011,mixture
321,0.016,0.062487466,3554,10,0.091,2,flax,2011,mixture
322,0.043,0.161787343,3554,16,0.1285,2,flax,2011,mixture
323,0.036,0.17988762,3554,14.5,0.144,2,flax,2011,mixture
324,0.059,0.257918752,3554,18,0.161,2,flax,2011,mixture
325,0.059,0.266509796,3554,15.5,0.177,2,flax,2011,mixture
326,0.31,0.135210476,3554,12,0.133,2,flax,2011,mixture
327,0.119,1.135646269,74,13,0.5365,2,corn,2011,mixture
328,0.149,1.63392872,74,22,0.5015,2,corn,2011,mixture
329,0.149,1.837166499,74,18,0.5905,2,corn,2011,mixture
330,0.076,0.447626688,647,16,0.239,2,flax,2011,mixture
331,0.035,0.182818117,647,14,0.148,2,flax,2011,mixture
332,0.07,0.326805766,647,18,0.186,2,flax,2011,mixture
333,0.069,0.355499419,647,16.5,0.2045,2,flax,2011,mixture
334,0.036,0.212086188,647,13.5,0.165,2,flax,2011,mixture
335,0.058,0.310072027,647,13.5,0.208,2,flax,2011,mixture
336,0.049,0.244616432,647,13.5,0.18,2,flax,2011,mixture
337,0.096,0.406546062,647,17.5,0.2155,2,flax,2011,mixture
338,0.021,0.08679565,647,12,0.1015,2,flax,2011,mixture
339,0.015,0.061365283,647,10,0.09,2,flax,2011,mixture
340,0.238,3.157251738,194,20,0.7495,2,corn,2011,mixture
341,0.194,1.683699438,194,16.5,0.5885,2,corn,2011,mixture
342,0.117,1.750297777,194,17,0.592,2,corn,2011,mixture
343,0.103,0.440317121,923,16.5,0.233,2,flax,2011,mixture
344,0.058,0.278876027,923,11,0.216,2,flax,2011,mixture
345,0.06,0.216008953,923,18,0.1445,2,flax,2011,mixture
346,0.079,0.259233681,923,18,0.1615,2,flax,2011,mixture
347,0.086,0.423318317,923,16,0.231,2,flax,2011,mixture
348,0.037,0.225506664,923,15,0.1625,2,flax,2011,mixture
349,0.021,0.087231217,923,11.5,0.104,2,flax,2011,mixture
350,0.041,0.260981707,923,16,0.172,2,flax,2011,mixture
351,0.065,0.353599994,923,18.5,0.1925,2,flax,2011,mixture
352,0.024,0.099771795,923,12,0.1105,2,flax,2011,mixture
353,0.055,0.788821162,249,14,0.425,2,corn,2011,mixture
354,0.136,1.330174544,249,16,0.5265,2,corn,2011,mixture
355,0.091,0.983225646,249,13,0.4965,2,corn,2011,mixture
356,0.051,0.264992445,1352,17.5,0.166,2,flax,2011,mixture
357,0.048,0.199931882,1352,15,0.151,2,flax,2011,mixture
358,0.091,0.440192971,1352,20.5,0.209,2,flax,2011,mixture
359,0.059,0.267821455,1352,18.5,0.1625,2,flax,2011,mixture
360,0.046,0.280985655,1352,14.5,0.189,2,flax,2011,mixture
361,0.045,0.176831014,1352,13,0.1505,2,flax,2011,mixture
362,0.036,0.18919016,1352,15,0.146,2,flax,2011,mixture
363,0.043,0.144274094,1352,16.5,0.118,2,flax,2011,mixture
364,0.075,0.29257621,1352,18.5,0.1715,2,flax,2011,mixture
365,0.077,0.411968986,1352,21.5,0.196,2,flax,2011,mixture
366,0.119,1.538731686,432,21,0.497,2,corn,2011,mixture
367,0.123,1.182707374,432,18,0.466,2,corn,2011,mixture
368,0.135,1.311546631,432,19,0.4795,2,corn,2011,mixture
369,0.036,0.179707062,1578,16,0.137,2,flax,2011,mixture
370,0.031,0.175574549,1578,15,0.1395,2,flax,2011,mixture
371,0.02,0.077757676,1578,12.5,0.093,2,flax,2011,mixture
372,0.055,0.252329053,1578,16,0.1685,2,flax,2011,mixture
373,0.028,0.132992466,1578,13,0.1265,2,flax,2011,mixture
374,0.065,0.273544233,1578,21,0.1545,2,flax,2011,mixture
375,0.02,0.091431461,1578,14,0.097,2,flax,2011,mixture
376,0.058,0.249012518,1578,20,0.1495,2,flax,2011,mixture
377,0.046,0.216901385,1578,19,0.141,2,flax,2011,mixture
378,0.017,0.088202479,1578,12,0.1025,2,flax,2011,mixture
379,0.068,0.598584358,824,16.5,0.3375,2,corn,2011,mixture
380,0.135,1.291122936,824,18,0.4885,2,corn,2011,mixture
381,0.079,0.749656237,824,15,0.3995,2,corn,2011,mixture
382,0.025,0.104178484,3874,13,0.109,2,flax,2011,mixture
383,0.02,0.103395907,3874,13,0.1085,2,flax,2011,mixture
384,0.035,0.16907705,3874,16,0.132,2,flax,2011,mixture
385,0.023,0.116595061,3874,14,0.1125,2,flax,2011,mixture
386,0.064,0.259760656,3874,18.5,0.1595,2,flax,2011,mixture
387,0.028,0.089479179,3874,11,0.108,2,flax,2011,mixture
388,0.031,0.137679016,3874,14,0.1245,2,flax,2011,mixture
389,0.022,0.106521705,3874,12,0.115,2,flax,2011,mixture
390,0.008,0.032665422,3874,6.5,0.076,2,flax,2011,mixture
391,0.009,0.068800219,3874,10,0.0965,2,flax,2011,mixture
392,0.241,3.686670943,28,28,0.6885,3,corn,2011,mixture
393,0.233,3.471260483,28,33,0.614,3,corn,2011,mixture
394,0.205,2.623855653,28,31,0.545,3,corn,2011,mixture
395,0.362,1.449832637,442,43,0.2985,3,flax,2011,mixture
396,0.238,0.998237719,442,40,0.2465,3,flax,2011,mixture
397,0.332,1.233378535,442,48,0.256,3,flax,2011,mixture
398,0.338,1.226099016,442,43,0.2695,3,flax,2011,mixture
399,0.096,0.372330658,442,30,0.156,3,flax,2011,mixture
400,0.348,1.013056246,442,45,0.2345,3,flax,2011,mixture
401,0.145,0.543959541,442,37,0.177,3,flax,2011,mixture
402,0.156,0.502628025,442,36,0.171,3,flax,2011,mixture
403,0.109,0.41763091,442,32,0.162,3,flax,2011,mixture
404,0.037,0.123080968,442,17.5,0.104,3,flax,2011,mixture
405,0.153,2.500075856,172,27,0.569,3,corn,2011,mixture
406,0.181,2.738382009,172,33,0.5405,3,corn,2011,mixture
407,0.068,1.177958753,172,21,0.4305,3,corn,2011,mixture
408,0.083,0.381985215,1330,27.5,0.1655,3,flax,2011,mixture
409,0.106,0.503415454,1330,30,0.1875,3,flax,2011,mixture
410,0.112,0.365937415,1330,29,0.157,3,flax,2011,mixture
411,0.081,0.335858904,1330,29,0.149,3,flax,2011,mixture
412,0.096,0.360660353,1330,30,0.153,3,flax,2011,mixture
413,0.124,0.476214361,1330,32,0.1755,3,flax,2011,mixture
414,0.15,0.537564733,1330,23.5,0.2205,3,flax,2011,mixture
415,0.067,0.297616224,1330,19,0.171,3,flax,2011,mixture
416,0.118,0.441819014,1330,26,0.186,3,flax,2011,mixture
417,0.026,0.114319854,1330,20,0.093,3,flax,2011,mixture
418,0.327,4.039835298,286,32,0.6765,3,corn,2011,mixture
419,0.16,2.222005996,286,25,0.555,3,corn,2011,mixture
420,0.319,4.441498783,286,33,0.701,3,corn,2011,mixture
421,0.077,0.312178532,1516,26,0.1505,3,flax,2011,mixture
422,0.065,0.220650174,1516,23,0.1295,3,flax,2011,mixture
423,0.255,0.818323543,1516,28,0.261,3,flax,2011,mixture
424,0.18,0.660335742,1516,28,0.229,3,flax,2011,mixture
425,0.083,0.3884472,1516,32,0.155,3,flax,2011,mixture
426,0.059,0.243132375,1516,24,0.1345,3,flax,2011,mixture
427,0.299,0.997833726,1516,42,0.2405,3,flax,2011,mixture
428,0.144,0.678714653,1516,33,0.2145,3,flax,2011,mixture
429,0.197,0.84176168,1516,35,0.2375,3,flax,2011,mixture
430,0.047,0.148536416,1516,18,0.115,3,flax,2011,mixture
431,0.112,1.95260173,418,24.5,0.523,3,corn,2011,mixture
432,0.234,3.476413458,418,29,0.6555,3,corn,2011,mixture
433,0.211,2.572731594,418,25,0.6005,3,corn,2011,mixture
434,0.103,0.408204817,1936,30,0.165,3,flax,2011,mixture
435,0.066,0.235554253,1936,30,0.118,3,flax,2011,mixture
436,0.115,0.438064541,1936,32.5,0.1655,3,flax,2011,mixture
437,0.146,0.439873994,1936,37,0.1555,3,flax,2011,mixture
438,0.049,0.180311262,1936,23,0.1145,3,flax,2011,mixture
439,0.112,0.503415454,1936,30,0.1875,3,flax,2011,mixture
440,0.167,0.604618613,1936,32,0.203,3,flax,2011,mixture
441,0.108,0.360613082,1936,31,0.1505,3,flax,2011,mixture
442,0.026,0.191048759,1936,19,0.1305,3,flax,2011,mixture
443,0.012,0.067093165,1936,12.5,0.085,3,flax,2011,mixture
444,0.117,2.48458506,602,30,0.538,3,corn,2011,mixture
445,0.136,2.140545385,602,28,0.514,3,corn,2011,mixture
446,0.134,1.624281076,602,32,0.4145,3,corn,2011,mixture
447,0.111,0.434826076,2326,33,0.1635,3,flax,2011,mixture
448,0.103,0.302038348,2326,26,0.1475,3,flax,2011,mixture
449,0.034,0.12447878,2326,19,0.1005,3,flax,2011,mixture
450,0.069,0.265752766,2326,23.5,0.1435,3,flax,2011,mixture
451,0.036,0.139012183,2326,19,0.1075,3,flax,2011,mixture
452,0.126,0.367253017,2326,33,0.1475,3,flax,2011,mixture
453,0.081,0.20124818,2326,27,0.113,3,flax,2011,mixture
454,0.098,0.30259189,2326,23,0.157,3,flax,2011,mixture
455,0.02,0.077056115,2326,16.5,0.0805,3,flax,2011,mixture
456,0.017,0.073585208,2326,17.5,0.076,3,flax,2011,mixture
457,0.175,1.860871744,68,23,0.526,3,corn,2011,mixture
458,0.397,5.844744104,68,33,0.8125,3,corn,2011,mixture
459,0.137,4.030824156,68,31,0.6865,3,corn,2011,mixture
460,0.066,0.277720113,478,23,0.149,3,flax,2011,mixture
461,0.08,0.35598327,478,26.5,0.1615,3,flax,2011,mixture
462,0.052,0.164007838,478,18.5,0.1205,3,flax,2011,mixture
463,0.052,0.141278599,478,16.5,0.1165,3,flax,2011,mixture
464,0.056,0.187460645,478,19,0.129,3,flax,2011,mixture
465,0.119,0.324224104,478,23.5,0.162,3,flax,2011,mixture
466,0.121,0.350466182,478,26,0.1615,3,flax,2011,mixture
467,0.192,0.38009443,478,27.5,0.165,3,flax,2011,mixture
468,0.083,0.300578516,478,24.5,0.1515,3,flax,2011,mixture
469,0.092,0.335934723,478,25,0.1605,3,flax,2011,mixture
470,0.239,2.942844379,164,25,0.6455,3,corn,2011,mixture
471,0.301,5.30812023,164,31,0.796,3,corn,2011,mixture
472,0.148,2.799047179,164,28.5,0.5885,3,corn,2011,mixture
473,0.041,0.164959778,874,21,0.1135,3,flax,2011,mixture
474,0.152,0.497544311,874,33,0.1775,3,flax,2011,mixture
475,0.123,0.415856542,874,35,0.1545,3,flax,2011,mixture
476,0.146,0.501052795,874,36.5,0.1695,3,flax,2011,mixture
477,0.225,0.792923,874,35,0.229,3,flax,2011,mixture
478,0.162,0.597686845,874,33,0.1985,3,flax,2011,mixture
479,0.063,0.235917986,874,27,0.1245,3,flax,2011,mixture
480,0.116,0.424559587,874,30,0.169,3,flax,2011,mixture
481,0.151,0.665845771,874,31.5,0.217,3,flax,2011,mixture
482,0.117,0.54242098,874,31.5,0.1915,3,flax,2011,mixture
483,0.288,3.41919313,182,30.5,0.6335,3,corn,2011,mixture
484,0.322,4.633700217,182,29.5,0.7585,3,corn,2011,mixture
485,0.339,3.292948543,182,36.5,0.5675,3,corn,2011,mixture
486,0.221,0.537512312,1876,40,0.169,3,flax,2011,mixture
487,0.061,0.193972152,1876,28,0.1085,3,flax,2011,mixture
488,0.025,0.12754025,1876,19,0.102,3,flax,2011,mixture
489,0.142,0.427835743,1876,36,0.155,3,flax,2011,mixture
490,0.101,0.380469162,1876,31,0.1555,3,flax,2011,mixture
491,0.11,0.378225281,1876,32,0.1525,3,flax,2011,mixture
492,0.091,0.453743438,1876,29,0.179,3,flax,2011,mixture
493,0.085,0.391397839,1876,30.5,0.1595,3,flax,2011,mixture
494,0.063,0.23936879,1876,26,0.128,3,flax,2011,mixture
495,0.04,0.173666857,1876,18,0.1265,3,flax,2011,mixture
496,0.06,0.998725779,344,24,0.3685,3,corn,2011,mixture
497,0.098,1.582683195,344,27,0.445,3,corn,2011,mixture
498,0.13,2.431238021,344,34,0.4995,3,corn,2011,mixture
499,0.029,0.151501845,1648,21.5,0.1065,3,flax,2011,mixture
500,0.055,0.409890092,1648,26.5,0.176,3,flax,2011,mixture
501,0.087,0.343428111,1648,30,0.1485,3,flax,2011,mixture
502,0.063,0.250379801,1648,20,0.15,3,flax,2011,mixture
503,0.044,0.150838169,1648,25,0.0985,3,flax,2011,mixture
504,0.013,0.469286435,1648,33.5,0.17,3,flax,2011,mixture
505,0.096,0.428572878,1648,34.5,0.1585,3,flax,2011,mixture
506,0.053,0.228818881,1648,28,0.12,3,flax,2011,mixture
507,0.052,0.178799864,1648,17,0.1325,3,flax,2011,mixture
508,0.044,0.140869597,1648,23,0.0985,3,flax,2011,mixture
509,0.095,1.919457838,528,25,0.513,3,corn,2011,mixture
510,0.103,1.61404898,528,24,0.477,3,corn,2011,mixture
511,0.071,0.977946816,528,18.5,0.415,3,corn,2011,mixture
512,0.119,0.458042486,2492,29.5,0.1785,3,flax,2011,mixture
513,0.177,0.809034753,2492,34.5,0.2335,3,flax,2011,mixture
514,0.097,0.424559587,2492,30,0.169,3,flax,2011,mixture
515,0.043,0.187762505,2492,22,0.12,3,flax,2011,mixture
516,0.081,0.283789327,2492,26,0.142,3,flax,2011,mixture
517,0.049,0.259616897,2492,23,0.143,3,flax,2011,mixture
518,0.031,0.135125462,2492,21,0.1005,3,flax,2011,mixture
519,0.036,0.146091377,2492,20,0.108,3,flax,2011,mixture
520,0.046,0.178759458,2492,24,0.1115,3,flax,2011,mixture
521,0.018,0.080180042,2492,15,0.0865,3,flax,2011,mixture
522,1.601,8.842832017,52,40,0.922,3,corn,2011,mixture
523,0.301,3.881455059,52,33,0.652,3,corn,2011,mixture
524,0.37,6.460062537,52,33.5,0.851,3,corn,2011,mixture
525,0.133,0.577986979,534,32,0.1975,3,flax,2011,mixture
526,0.118,0.594880242,534,32,0.201,3,flax,2011,mixture
527,0.116,0.492454479,534,30,0.185,3,flax,2011,mixture
528,0.078,0.290685444,534,25.5,0.1455,3,flax,2011,mixture
529,0.134,0.554225699,534,29.5,0.2005,3,flax,2011,mixture
530,0.152,0.473926597,534,27,0.1905,3,flax,2011,mixture
531,0.094,0.321477268,534,33,0.136,3,flax,2011,mixture
532,0.147,0.535380191,534,29,0.198,3,flax,2011,mixture
533,0.356,0.964038861,534,42,0.2355,3,flax,2011,mixture
534,0.114,0.397005877,534,27,0.171,3,flax,2011,mixture
535,0.431,6.275902869,154,31,0.871,3,corn,2011,mixture
536,0.591,7.544249134,154,30,0.9775,3,corn,2011,mixture
537,0.201,4.74138111,154,30,0.7615,3,corn,2011,mixture
538,0.052,0.179784835,752,26,0.1075,3,flax,2011,mixture
539,0.08,0.319385103,752,29,0.1445,3,flax,2011,mixture
540,0.246,0.948913835,752,40,0.239,3,flax,2011,mixture
541,0.087,0.377516662,752,33,0.15,3,flax,2011,mixture
542,0.099,0.287616978,752,25,0.146,3,flax,2011,mixture
543,0.126,0.491150336,752,35,0.171,3,flax,2011,mixture
544,0.085,0.284424799,752,24,0.148,3,flax,2011,mixture
545,0.102,0.380191217,752,30,0.158,3,flax,2011,mixture
546,0.138,0.406926223,752,29,0.1675,3,flax,2011,mixture
547,0.184,0.756747975,752,33.5,0.2275,3,flax,2011,mixture
548,0.236,2.51350962,272,26.5,0.576,3,corn,2011,mixture
549,0.222,2.49748525,272,30,0.5395,3,corn,2011,mixture
550,0.165,1.907604193,272,27.5,0.4875,3,corn,2011,mixture
551,0.056,0.300579502,684,25.5,0.1485,3,flax,2011,mixture
552,0.036,0.140013166,684,21.5,0.1015,3,flax,2011,mixture
553,0.018,0.091387064,684,17,0.088,3,flax,2011,mixture
554,0.036,0.127023985,684,22.5,0.0935,3,flax,2011,mixture
555,0.074,0.323317635,684,27.5,0.1495,3,flax,2011,mixture
556,0.187,0.606637115,684,35,0.1945,3,flax,2011,mixture
557,0.007,0.074549618,684,11.5,0.0945,3,flax,2011,mixture
558,0.045,0.193034073,684,20,0.128,3,flax,2011,mixture
559,0.052,0.219529493,684,22,0.132,3,flax,2011,mixture
560,0.034,0.105187563,684,17.5,0.0945,3,flax,2011,mixture
561,0.114,1.699248618,574,28,0.454,3,corn,2011,mixture
562,0.089,1.439297851,574,24,0.4485,3,corn,2011,mixture
563,0.076,0.990643169,574,26,0.3525,3,corn,2011,mixture
564,0.103,0.512231809,1520,34,0.178,3,flax,2011,mixture
565,0.086,0.383766981,1520,27,0.1675,3,flax,2011,mixture
566,0.119,0.639873522,1520,31,0.2135,3,flax,2011,mixture
567,0.081,0.324840425,1520,29,0.146,3,flax,2011,mixture
568,0.054,0.218446927,1520,24,0.126,3,flax,2011,mixture
569,0.076,0.321062595,1520,32,0.138,3,flax,2011,mixture
570,0.01,0.060811374,1520,13,0.0785,3,flax,2011,mixture
571,0.015,0.072099068,1520,16,0.0785,3,flax,2011,mixture
572,0.012,0.046230136,1520,14,0.064,3,flax,2011,mixture
573,0.051,0.148027894,1520,34,0.0835,3,flax,2011,mixture
574,0.069,0.892319097,572,18,0.4005,3,corn,2011,mixture
575,0.034,0.828130336,572,20,0.365,3,corn,2011,mixture
576,0.077,1.254062499,572,22,0.435,3,corn,2011,mixture
577,0.059,0.211872998,2236,28,0.1145,3,flax,2011,mixture
578,0.015,0.068781741,2236,17,0.074,3,flax,2011,mixture
579,0.118,0.459648793,2236,31,0.1745,3,flax,2011,mixture
580,0.015,0.101978212,2236,16.5,0.0955,3,flax,2011,mixture
581,0.038,0.148309202,2236,24,0.0995,3,flax,2011,mixture
582,0.063,0.256433356,2236,28.5,0.1275,3,flax,2011,mixture
583,0.012,0.078722407,2236,14.5,0.087,3,flax,2011,mixture
584,0.031,0.130887049,2236,20,0.101,3,flax,2011,mixture
585,0.049,0.147949355,2236,20.5,0.1075,3,flax,2011,mixture
586,0.113,0.430389511,2236,32,0.165,3,flax,2011,mixture
587,0.832,9.906703298,27,49,0.8855,4,corn,2011,mixture
588,0.401,4.019374612,27,43,0.582,4,corn,2011,mixture
589,0.277,2.679725336,27,36,0.5115,4,corn,2011,mixture
590,0.26,0.485354406,431,47,0.1465,4,flax,2011,mixture
591,0.298,0.50658221,431,46,0.152,4,flax,2011,mixture
592,0.109,0.232446095,431,38,0.104,4,flax,2011,mixture
593,0.063,0.056676182,431,34,0.0465,4,flax,2011,mixture
594,0.05,0.073489682,431,30,0.058,4,flax,2011,mixture
595,1.189,1.520518858,431,61,0.258,4,flax,2011,mixture
596,0.129,0.243501051,431,41,0.103,4,flax,2011,mixture
597,0.169,0.335337911,431,45,0.1195,4,flax,2011,mixture
598,0.107,0.325286774,431,43,0.12,4,flax,2011,mixture
599,0.148,0.27255213,431,44,0.1065,4,flax,2011,mixture
600,0.481,5.739201336,169,45,0.689,4,corn,2011,mixture
601,1.334,10.24262641,169,47,0.9205,4,corn,2011,mixture
602,0.227,2.856018228,169,41,0.496,4,corn,2011,mixture
603,0.016,0.030181266,1349,23,0.0385,4,flax,2011,mixture
604,0.015,0.010366317,1349,21,0.021,4,flax,2011,mixture
605,0.11,0.223412463,1349,50,0.0885,4,flax,2011,mixture
606,0.12,0.191149578,1349,47,0.083,4,flax,2011,mixture
607,0.051,0.045523579,1349,37,0.039,4,flax,2011,mixture
608,0.061,0.102165927,1349,38,0.063,4,flax,2011,mixture
609,0.05,0.052630426,1349,39,0.0415,4,flax,2011,mixture
610,0.13,0.242511364,1349,46,0.097,4,flax,2011,mixture
611,0.03,0.027604328,1349,39,0.028,4,flax,2011,mixture
612,3.981,2.544427996,1349,63,0.3475,4,flax,2011,mixture
613,0.312,3.87922433,256,43,0.571,4,corn,2011,mixture
614,0.117,1.735309892,256,32,0.4295,4,corn,2011,mixture
615,0.369,3.708762584,256,44,0.551,4,corn,2011,mixture
616,0.159,0.224336192,1732,52,0.087,4,flax,2011,mixture
617,0.152,0.288389037,1732,45,0.109,4,flax,2011,mixture
618,0.131,0.237684278,1732,51,0.091,4,flax,2011,mixture
619,0.166,0.298256518,1732,52,0.1035,4,flax,2011,mixture
620,0.4,0.640857452,1732,52,0.165,4,flax,2011,mixture
621,0.174,0.324381872,1732,51,0.11,4,flax,2011,mixture
622,0.101,0.178620662,1732,46,0.0805,4,flax,2011,mixture
623,0.026,0.027740285,1732,31,0.0315,4,flax,2011,mixture
624,0.025,0.029939496,1732,31,0.033,4,flax,2011,mixture
625,0.021,0.022260947,1732,30,0.028,4,flax,2011,mixture
626,0.403,3.333651217,406,41,0.539,4,corn,2011,mixture
627,0.414,1.934882991,406,39,0.4125,4,corn,2011,mixture
628,0.429,4.945492241,406,49,0.6095,4,corn,2011,mixture
629,0.059,0.105647438,1867,33,0.069,4,flax,2011,mixture
630,0.125,0.241789781,1867,44,0.099,4,flax,2011,mixture
631,0.185,0.392223407,1867,49,0.126,4,flax,2011,mixture
632,0.038,0.11199751,1867,33,0.0715,4,flax,2011,mixture
633,0.089,0.104520861,1867,41,0.0615,4,flax,2011,mixture
634,0.013,0.040218001,1867,21,0.048,4,flax,2011,mixture
635,0.064,0.084777089,1867,39,0.0555,4,flax,2011,mixture
636,0.106,0.236608012,1867,42,0.1,4,flax,2011,mixture
637,0.226,0.490799583,1867,47,0.1475,4,flax,2011,mixture
638,0.097,0.147614805,1867,42,0.075,4,flax,2011,mixture
639,0.29,4.34401264,578,42,0.614,4,corn,2011,mixture
640,0.133,1.259031878,578,42,0.3155,4,corn,2011,mixture
641,0.091,1.220007768,578,37,0.3305,4,corn,2011,mixture
642,0.039,0.050625797,2196,29,0.047,4,flax,2011,mixture
643,0.035,0.043944462,2196,22,0.0495,4,flax,2011,mixture
644,0.083,0.208787808,2196,35,0.1015,4,flax,2011,mixture
645,0.077,0.146383637,2196,37,0.0795,4,flax,2011,mixture
646,0.042,0.057679067,2196,34,0.047,4,flax,2011,mixture
647,0.14,0.218379228,2196,45,0.092,4,flax,2011,mixture
648,0.031,0.049255009,2196,32,0.044,4,flax,2011,mixture
649,0.047,0.062620469,2196,41,0.045,4,flax,2011,mixture
650,0.086,0.112811787,2196,45,0.0615,4,flax,2011,mixture
651,0.03,0.040579067,2196,33,0.0385,4,flax,2011,mixture
652,0.429,6.314703992,63,43,0.742,4,corn,2011,mixture
653,0.852,8.86828042,63,55,0.7875,4,corn,2011,mixture
654,0.624,7.966810963,63,51,0.772,4,corn,2011,mixture
655,0.506,0.880405102,439,59,0.188,4,flax,2011,mixture
656,0.393,0.631330675,439,52,0.1635,4,flax,2011,mixture
657,0.157,0.393413712,439,41,0.138,4,flax,2011,mixture
658,0.65,1.311030472,439,56,0.246,4,flax,2011,mixture
659,0.641,1.111321636,439,54,0.2265,4,flax,2011,mixture
660,0.234,0.493531054,439,47,0.148,4,flax,2011,mixture
661,0.175,0.384710458,439,42,0.1345,4,flax,2011,mixture
662,0.149,0.299591361,439,35,0.1265,4,flax,2011,mixture
663,0.193,0.380159996,439,45,0.129,4,flax,2011,mixture
664,0.075,0.141981698,439,38,0.077,4,flax,2011,mixture
665,0.722,7.280449831,173,43,0.801,4,corn,2011,mixture
666,0.323,3.723245474,173,41,0.572,4,corn,2011,mixture
667,0.242,3.529318657,173,33,0.6195,4,corn,2011,mixture
668,1.11,2.266726209,857,56,0.3435,4,flax,2011,mixture
669,0.537,0.881245937,857,61,0.185,4,flax,2011,mixture
670,0.843,1.730586643,857,69,0.2625,4,flax,2011,mixture
671,0.103,0.120516051,857,43,0.0655,4,flax,2011,mixture
672,0.068,0.149084179,857,36,0.0815,4,flax,2011,mixture
673,0.105,0.271017816,857,35,0.119,4,flax,2011,mixture
674,0.079,0.156849868,857,34,0.0865,4,flax,2011,mixture
675,0.032,0.047915807,857,26,0.048,4,flax,2011,mixture
676,0.06,0.088647977,857,33,0.062,4,flax,2011,mixture
677,0.143,0.302312958,857,39,0.1205,4,flax,2011,mixture
678,0.594,6.212201197,193,43,0.7355,4,corn,2011,mixture
679,0.266,2.369034181,193,35,0.4855,4,corn,2011,mixture
680,0.164,1.181371959,193,26,0.3875,4,corn,2011,mixture
681,0.25,0.496268438,1873,47,0.1485,4,flax,2011,mixture
682,0.03,0.048580372,1873,27,0.0475,4,flax,2011,mixture
683,0.375,0.726589247,1873,49,0.1835,4,flax,2011,mixture
684,0.105,0.208512972,1873,36,0.1,4,flax,2011,mixture
685,0.162,0.29122098,1873,42,0.1135,4,flax,2011,mixture
686,0.09,0.210059091,1873,42,0.093,4,flax,2011,mixture
687,0.037,0.062295585,1873,33,0.05,4,flax,2011,mixture
688,0.024,0.062392315,1873,25,0.0575,4,flax,2011,mixture
689,0.045,0.086456991,1873,31,0.063,4,flax,2011,mixture
690,0.035,0.034957685,1873,29,0.0375,4,flax,2011,mixture
691,0.165,1.841449632,385,35,0.424,4,corn,2011,mixture
692,0.125,1.257972607,385,34,0.3505,4,corn,2011,mixture
693,0.445,3.904535092,385,43,0.573,4,corn,2011,mixture
694,0.043,0.10564854,1637,35,0.067,4,flax,2011,mixture
695,0.064,0.09633987,1637,39,0.06,4,flax,2011,mixture
696,0.098,0.214151538,1637,43,0.093,4,flax,2011,mixture
697,0.264,0.357100109,1637,33,0.145,4,flax,2011,mixture
698,0.095,0.191964418,1637,43,0.087,4,flax,2011,mixture
699,0.012,0.008178515,1637,24,0.017,4,flax,2011,mixture
700,0.031,0.032271075,1637,32,0.034,4,flax,2011,mixture
701,0.057,0.092274681,1637,41,0.057,4,flax,2011,mixture
702,0.064,0.190871177,1637,32,0.1005,4,flax,2011,mixture
703,0.02,0.008071878,1637,27,0.0159,4,flax,2011,mixture
704,0.165,1.496851013,538,36,0.374,4,corn,2011,mixture
705,0.138,1.096650069,538,43,0.2895,4,corn,2011,mixture
706,0.111,1.037455402,538,34,0.316,4,corn,2011,mixture
707,0.083,0.16586176,2756,41,0.0815,4,flax,2011,mixture
708,0.037,0.044274751,2756,34,0.04,4,flax,2011,mixture
709,0.047,0.073611472,2756,36,0.053,4,flax,2011,mixture
710,0.091,0.198352977,2756,36,0.097,4,flax,2011,mixture
711,0.018,0.035464203,2756,28,0.0385,4,flax,2011,mixture
712,0.035,0.117181134,2756,33,0.0735,4,flax,2011,mixture
713,0.009,0.008452118,2756,20,0.019,4,flax,2011,mixture
714,0.061,0.086550324,2756,36,0.0585,4,flax,2011,mixture
715,0.038,0.056284258,2756,33,0.047,4,flax,2011,mixture
716,0.006,0.007146055,2756,14,0.0205,4,flax,2011,mixture
717,0.758,10.89319421,52,57,0.864,4,corn,2011,mixture
718,0.485,5.523904782,52,43,0.6905,4,corn,2011,mixture
719,0.495,6.406451815,52,49,0.7005,4,corn,2011,mixture
720,0.079,0.1621483,534,35,0.087,4,flax,2011,mixture
721,0.612,0.839849168,534,56,0.1875,4,flax,2011,mixture
722,0.52,0.75078943,534,53,0.18,4,flax,2011,mixture
723,0.322,0.46957538,534,52,0.1365,4,flax,2011,mixture
724,0.754,1.238589261,534,59,0.2315,4,flax,2011,mixture
725,0.659,1.049057299,534,58,0.211,4,flax,2011,mixture
726,0.097,0.194356293,534,37,0.0945,4,flax,2011,mixture
727,0.183,0.375659526,534,48,0.124,4,flax,2011,mixture
728,0.085,0.073046772,534,35,0.0535,4,flax,2011,mixture
729,0.152,0.365753961,534,41,0.132,4,flax,2011,mixture
730,0.186,1.759860481,138,39,0.392,4,corn,2011,mixture
731,0.679,5.480384765,138,56,0.6025,4,corn,2011,mixture
732,0.363,3.424746825,138,43,0.534,4,corn,2011,mixture
733,0.138,0.240500786,739,42,0.101,4,flax,2011,mixture
734,0.301,0.874857277,739,49,0.2055,4,flax,2011,mixture
735,0.177,0.43123608,739,49,0.1335,4,flax,2011,mixture
736,0.242,0.578193151,739,47,0.163,4,flax,2011,mixture
737,0.302,0.535231329,739,42,0.1645,4,flax,2011,mixture
738,0.04,0.060728729,739,34,0.0485,4,flax,2011,mixture
739,0.091,0.193777063,739,43,0.0875,4,flax,2011,mixture
740,0.031,0.050050928,739,28,0.0475,4,flax,2011,mixture
741,0.098,0.174206309,739,43,0.082,4,flax,2011,mixture
742,0.059,0.149084179,739,36,0.0815,4,flax,2011,mixture
743,0.369,2.743410198,265,36,0.518,4,corn,2011,mixture
744,0.295,2.739492466,265,32,0.549,4,corn,2011,mixture
745,0.288,3.366959262,265,35,0.5865,4,corn,2011,mixture
746,0.088,0.200529553,679,41,0.0915,4,flax,2011,mixture
747,0.171,0.382579513,679,45,0.1295,4,flax,2011,mixture
748,0.08,0.114812232,679,36,0.0695,4,flax,2011,mixture
749,0.276,0.524797172,679,51,0.1475,4,flax,2011,mixture
750,0.116,0.121619657,679,47,0.063,4,flax,2011,mixture
751,0.136,0.210395697,679,47,0.088,4,flax,2011,mixture
752,0.119,0.173984938,679,44,0.081,4,flax,2011,mixture
753,0.145,0.225597345,679,43,0.096,4,flax,2011,mixture
754,0.043,0.043754191,679,29,0.043,4,flax,2011,mixture
755,0.018,0.072633655,679,17,0.0765,4,flax,2011,mixture
756,0.107,1.063156223,563,33,0.325,4,corn,2011,mixture
757,0.209,1.978733046,563,39,0.4175,4,corn,2011,mixture
758,0.155,1.247977504,563,34,0.349,4,corn,2011,mixture
759,0.155,0.338299471,1467,44,0.1215,4,flax,2011,mixture
760,0.009,0.008420667,1467,21,0.0185,4,flax,2011,mixture
761,0.071,0.136487021,1467,42,0.0715,4,flax,2011,mixture
762,0.042,0.073530582,1467,34,0.0545,4,flax,2011,mixture
763,0.07,0.135984074,1467,38,0.075,4,flax,2011,mixture
764,0.065,0.107880387,1467,37,0.066,4,flax,2011,mixture
765,0.05,0.096929433,1467,34,0.0645,4,flax,2011,mixture
766,0.024,0.057253651,1467,31,0.049,4,flax,2011,mixture
767,0.014,0.005411644,1467,23,0.0135,4,flax,2011,mixture
768,0.063,0.115451793,1467,39,0.067,4,flax,2011,mixture
769,0.078,1.19849135,559,32,0.352,4,corn,2011,mixture
770,0.063,0.536459445,559,25,0.2585,4,corn,2011,mixture
771,0.152,1.576140418,559,42,0.356,4,corn,2011,mixture
772,0.104,0.236169649,2295,45,0.0965,4,flax,2011,mixture
773,0.083,0.14349698,2295,39,0.0765,4,flax,2011,mixture
774,0.013,0.00629983,2295,21,0.0155,4,flax,2011,mixture
775,0.062,0.103499079,2295,38,0.0635,4,flax,2011,mixture
776,0.041,0.033008196,2295,36,0.0325,4,flax,2011,mixture
777,0.045,0.065374989,2295,35,0.05,4,flax,2011,mixture
778,0.064,0.151608628,2295,33,0.086,4,flax,2011,mixture
779,0.052,0.073150344,2295,32,0.056,4,flax,2011,mixture
780,0.042,0.09821968,2295,33,0.066,4,flax,2011,mixture
781,0.027,0.070467141,2295,29,0.0575,4,flax,2011,mixture
782,3.236,14.0999147,27,78,0.8485,5,corn,2011,mixture
783,2.657,10.51384815,27,75,0.739,5,corn,2011,mixture
784,5.349,7.952886467,27,64,0.6885,5,corn,2011,mixture
785,0.952,2.193674455,427,62,0.32,5,flax,2011,mixture
786,0.615,1.453762052,427,56,0.262,5,flax,2011,mixture
787,0.584,1.564255021,427,61,0.2625,5,flax,2011,mixture
788,0.657,2.079377468,427,51,0.3415,5,flax,2011,mixture
789,0.679,2.753884087,427,49,0.4135,5,flax,2011,mixture
790,0.297,2.080173614,427,43,0.372,5,flax,2011,mixture
791,0.642,2.604484235,427,46,0.4125,5,flax,2011,mixture
792,0.351,1.910147792,427,50,0.3275,5,flax,2011,mixture
793,0.263,1.126785006,427,42,0.259,5,flax,2011,mixture
794,0.551,1.299406651,427,46.5,0.2685,5,flax,2011,mixture
795,1.957,5.600702247,157,66,0.5615,5,corn,2011,mixture
796,2.351,4.562904496,157,54,0.556,5,corn,2011,mixture
797,1.679,1.489714016,157,31,0.402,5,corn,2011,mixture
798,0.651,0.826485087,1304,50,0.1965,5,flax,2011,mixture
799,0.372,0.719023442,1304,50,0.1805,5,flax,2011,mixture
800,0.159,0.925777262,1304,51,0.2085,5,flax,2011,mixture
801,0.642,0.864208795,1304,52,0.198,5,flax,2011,mixture
802,0.371,0.977417427,1304,47,0.2245,5,flax,2011,mixture
803,0.296,0.581819844,1304,46.5,0.1645,5,flax,2011,mixture
804,0.527,0.55112185,1304,52,0.1505,5,flax,2011,mixture
805,0.22,0.963816736,1304,49,0.218,5,flax,2011,mixture
806,0.267,0.466240203,1304,46,0.1445,5,flax,2011,mixture
807,0.344,0.925957448,1304,44,0.2245,5,flax,2011,mixture
808,1.003,5.693820482,253,66,0.5665,5,corn,2011,mixture
809,1.065,1.90785491,253,42,0.3945,5,corn,2011,mixture
810,0.956,1.418343265,253,30,0.398,5,corn,2011,mixture
811,0.355,0.95140052,1682,51,0.212,5,flax,2011,mixture
812,0.217,0.566528439,1682,54.5,0.1495,5,flax,2011,mixture
813,0.173,0.495939786,1682,51,0.1425,5,flax,2011,mixture
814,0.351,0.496403596,1682,50,0.144,5,flax,2011,mixture
815,0.296,0.353229179,1682,46,0.122,5,flax,2011,mixture
816,0.451,0.499011727,1682,47,0.149,5,flax,2011,mixture
817,0.339,0.29406082,1682,42.5,0.1135,5,flax,2011,mixture
818,0.229,0.548506762,1682,41,0.169,5,flax,2011,mixture
819,0.249,1.309239385,1682,43,0.2805,5,flax,2011,mixture
820,0.342,1.199469116,1682,40.5,0.274,5,flax,2011,mixture
821,1.176,4.23659929,387,73,0.4595,5,corn,2011,mixture
822,0.685,2.64942886,387,52,0.423,5,corn,2011,mixture
823,0.975,1.052773671,387,34,0.3185,5,corn,2011,mixture
824,0.132,0.385005016,1651,45,0.13,5,flax,2011,mixture
825,0.061,0.240500786,1651,42,0.101,5,flax,2011,mixture
826,0.039,0.140433593,1651,39,0.0755,5,flax,2011,mixture
827,0.169,0.217940951,1651,43,0.094,5,flax,2011,mixture
828,0.267,0.44839484,1651,36,0.1595,5,flax,2011,mixture
829,0.521,0.144726568,1651,41,0.075,5,flax,2011,mixture
830,0.137,0.431418185,1651,35,0.158,5,flax,2011,mixture
831,0.067,0.680859049,1651,42,0.1905,5,flax,2011,mixture
832,0.094,0.408965407,1651,33,0.1575,5,flax,2011,mixture
833,0.235,0.430004633,1651,40,0.1475,5,flax,2011,mixture
834,0.805,3.34528137,552,72,0.4075,5,corn,2011,mixture
835,0.697,1.450437887,552,55,0.2975,5,corn,2011,mixture
836,0.853,0.700398,552,24,0.3045,5,corn,2011,mixture
837,0.054,0.168582312,2083,38,0.0855,5,flax,2011,mixture
838,0.017,0.124130416,2083,34,0.075,5,flax,2011,mixture
839,0.067,0.232947756,2083,40,0.1015,5,flax,2011,mixture
840,0.087,0.145131678,2083,34,0.0825,5,flax,2011,mixture
841,0.067,0.307398649,2083,35,0.1285,5,flax,2011,mixture
842,0.109,0.168339304,2083,45,0.0785,5,flax,2011,mixture
843,0.055,0.360613082,2083,31,0.1505,5,flax,2011,mixture
844,0.098,0.432397759,2083,40,0.148,5,flax,2011,mixture
845,0.067,0.105647438,2083,33,0.069,5,flax,2011,mixture
846,0.205,0.112115489,2083,36,0.0685,5,flax,2011,mixture
847,6.617,10.08691188,62,83,0.687,5,corn,2011,mixture
848,4.376,5.883734915,62,65,0.581,5,corn,2011,mixture
849,3.259,2.748884928,62,37,0.5115,5,corn,2011,mixture
850,0.372,1.206656801,428,50,0.2475,5,flax,2011,mixture
851,0.212,0.755653935,428,42,0.203,5,flax,2011,mixture
852,0.161,0.529710415,428,40,0.1675,5,flax,2011,mixture
853,0.246,0.516934434,428,41,0.163,5,flax,2011,mixture
854,0.357,0.776609388,428,43,0.204,5,flax,2011,mixture
855,0.521,0.55418455,428,50,0.154,5,flax,2011,mixture
856,0.319,0.695915287,428,47,0.1825,5,flax,2011,mixture
857,0.211,1.035025639,428,40,0.252,5,flax,2011,mixture
858,0.376,0.858978051,428,42,0.2195,5,flax,2011,mixture
859,0.157,0.753576133,428,44,0.198,5,flax,2011,mixture
860,2.534,9.368973693,167,76,0.69,5,corn,2011,mixture
861,2.334,2.577156628,167,45,0.448,5,corn,2011,mixture
862,1.267,2.94630208,167,61,0.4135,5,corn,2011,mixture
863,0.217,0.437105884,839,48,0.136,5,flax,2011,mixture
864,0.134,0.475983366,839,41,0.155,5,flax,2011,mixture
865,0.064,0.269747788,839,36,0.117,5,flax,2011,mixture
866,0.167,0.340413781,839,37,0.133,5,flax,2011,mixture
867,0.352,0.300258458,839,39,0.12,5,flax,2011,mixture
868,0.273,0.742568291,839,43,0.1985,5,flax,2011,mixture
869,0.594,0.562381563,839,46,0.162,5,flax,2011,mixture
870,0.312,0.298209429,839,39,0.1195,5,flax,2011,mixture
871,0.097,0.812652022,839,31,0.247,5,flax,2011,mixture
872,0.062,0.76753048,839,35,0.2245,5,flax,2011,mixture
873,1.401,5.705964966,186,58,0.605,5,corn,2011,mixture
874,1.364,1.175148276,186,46,0.2905,5,corn,2011,mixture
875,0.987,2.377845974,186,51,0.403,5,corn,2011,mixture
876,0.269,0.734117261,1768,51,0.181,5,flax,2011,mixture
877,0.112,0.358962458,1768,41,0.1305,5,flax,2011,mixture
878,0.036,0.197674224,1768,39,0.093,5,flax,2011,mixture
879,0.092,0.292804308,1768,36,0.123,5,flax,2011,mixture
880,0.167,0.364539481,1768,49,0.1205,5,flax,2011,mixture
881,0.345,0.202859844,1768,37,0.097,5,flax,2011,mixture
882,0.221,0.162841354,1768,34,0.0885,5,flax,2011,mixture
883,0.637,0.083811065,1768,26,0.0675,5,flax,2011,mixture
884,0.294,0.173875713,1768,28,0.1015,5,flax,2011,mixture
885,0.311,0.396467591,1768,47,0.1295,5,flax,2011,mixture
886,0.783,4.148724478,392,65,0.4815,5,corn,2011,mixture
887,0.657,1.450905428,392,51,0.309,5,corn,2011,mixture
888,0.823,1.481959029,392,30,0.4075,5,corn,2011,mixture
889,0.076,0.181249361,1752,42,0.085,5,flax,2011,mixture
890,0.09,0.251303329,1752,41,0.105,5,flax,2011,mixture
891,0.118,0.406980305,1752,52.5,0.1245,5,flax,2011,mixture
892,0.167,0.118888503,1752,28,0.0805,5,flax,2011,mixture
893,0.235,0.151267781,1752,39,0.079,5,flax,2011,mixture
894,0.097,0.285418984,1752,31,0.1305,5,flax,2011,mixture
895,0.178,0.642931705,1752,40,0.1885,5,flax,2011,mixture
896,0.348,0.120704178,1752,32,0.076,5,flax,2011,mixture
897,0.151,0.092778213,1752,29,0.068,5,flax,2011,mixture
898,0.293,0.160664058,1752,27,0.0985,5,flax,2011,mixture
899,0.252,2.218385459,538,56,0.3705,5,corn,2011,mixture
900,0.526,0.691278577,538,26,0.2905,5,corn,2011,mixture
901,0.637,0.484559894,538,27,0.2355,5,corn,2011,mixture
902,0.055,0.334362295,2681,48,0.1155,5,flax,2011,mixture
903,0.068,0.23046564,2681,41.5,0.099,5,flax,2011,mixture
904,0.12,0.498409498,2681,46,0.1505,5,flax,2011,mixture
905,0.037,0.3300446,2681,42,0.1225,5,flax,2011,mixture
906,0.167,0.078809887,2681,37,0.0545,5,flax,2011,mixture
907,0.183,0.093311178,2681,31,0.066,5,flax,2011,mixture
908,0.082,0.126120622,2681,29,0.082,5,flax,2011,mixture
909,0.135,0.098532491,2681,26,0.0745,5,flax,2011,mixture
910,0.083,0.067374171,2681,24,0.0615,5,flax,2011,mixture
911,0.064,0.160876887,2681,31,0.092,5,flax,2011,mixture
912,13.251,19.59816959,51,100,0.8945,5,corn,2011,mixture
913,5.362,13.65748143,51,92,0.768,5,corn,2011,mixture
914,4.371,8.090532096,51,62,0.706,5,corn,2011,mixture
915,0.182,0.43939246,526,44,0.1425,5,flax,2011,mixture
916,0.578,1.087615409,526,55,0.2215,5,flax,2011,mixture
917,0.546,0.989206233,526,52,0.215,5,flax,2011,mixture
918,0.167,1.042484016,526,41,0.25,5,flax,2011,mixture
919,0.523,1.842739591,526,43,0.3455,5,flax,2011,mixture
920,0.375,1.713005134,526,46,0.3195,5,flax,2011,mixture
921,0.262,0.865848155,526,37,0.235,5,flax,2011,mixture
922,0.339,0.788208969,526,34,0.2315,5,flax,2011,mixture
923,0.249,0.449474904,526,35,0.162,5,flax,2011,mixture
924,0.167,0.694123789,526,43,0.1905,5,flax,2011,mixture
925,4.043,6.950355068,127,71,0.608,5,corn,2011,mixture
926,2.304,4.629161589,127,52,0.571,5,corn,2011,mixture
927,3.067,1.401763878,127,34,0.3715,5,corn,2011,mixture
928,0.257,0.628684909,731,49,0.168,5,flax,2011,mixture
929,0.307,0.847037459,731,51,0.1975,5,flax,2011,mixture
930,0.236,0.482640714,731,47,0.146,5,flax,2011,mixture
931,0.513,0.887779349,731,46,0.214,5,flax,2011,mixture
932,0.352,0.483745643,731,39,0.1605,5,flax,2011,mixture
933,0.267,0.458583019,731,37,0.1595,5,flax,2011,mixture
934,0.511,0.387552049,731,35,0.148,5,flax,2011,mixture
935,0.671,1.173532896,731,42,0.2655,5,flax,2011,mixture
936,0.184,1.424576237,731,57,0.2565,5,flax,2011,mixture
937,0.136,0.991038429,731,42,0.2395,5,flax,2011,mixture
938,1.478,7.650407307,261,66,0.664,5,corn,2011,mixture
939,1.637,2.50416251,261,34,0.5075,5,corn,2011,mixture
940,2.359,0.957173629,261,30.5,0.3195,5,corn,2011,mixture
941,0.863,1.554828371,659,45,0.3045,5,flax,2011,mixture
942,0.221,0.618144579,659,48,0.168,5,flax,2011,mixture
943,0.272,0.742984883,659,56,0.174,5,flax,2011,mixture
944,0.267,0.516060294,659,43,0.159,5,flax,2011,mixture
945,0.315,0.488856899,659,40,0.1595,5,flax,2011,mixture
946,0.182,0.211504832,659,37,0.0995,5,flax,2011,mixture
947,0.371,0.43253049,659,32,0.1655,5,flax,2011,mixture
948,0.265,0.408700644,659,40,0.143,5,flax,2011,mixture
949,0.358,0.283627747,659,31,0.13,5,flax,2011,mixture
950,0.147,0.440410431,659,35,0.16,5,flax,2011,mixture
951,0.585,2.843005494,543,58,0.416,5,corn,2011,mixture
952,0.569,1.581245572,543,52,0.3205,5,corn,2011,mixture
953,0.723,0.864561057,543,24,0.341,5,corn,2011,mixture
954,0.376,0.89302582,1517,52,0.202,5,flax,2011,mixture
955,0.279,0.61158164,1517,46,0.1705,5,flax,2011,mixture
956,0.068,0.216043002,1517,43,0.0935,5,flax,2011,mixture
957,0.183,0.213250688,1517,37,0.1,5,flax,2011,mixture
958,0.262,0.33459435,1517,26,0.157,5,flax,2011,mixture
959,0.345,0.435461858,1517,38,0.1525,5,flax,2011,mixture
960,0.092,0.318944959,1517,39,0.1245,5,flax,2011,mixture
961,0.115,0.090250472,1517,24,0.0735,5,flax,2011,mixture
962,0.167,0.066960792,1517,21,0.0655,5,flax,2011,mixture
963,0.289,0.111890121,1517,27,0.079,5,flax,2011,mixture
964,0.302,2.808835027,537,63.5,0.395,5,corn,2011,mixture
965,0.216,0.923768761,537,26,0.3395,5,corn,2011,mixture
966,0.834,0.549305396,537,34,0.2245,5,corn,2011,mixture
967,0.06,0.210388113,2113,43,0.092,5,flax,2011,mixture
968,0.072,0.211914409,2113,42,0.0935,5,flax,2011,mixture
969,0.084,0.292616828,2113,43,0.1125,5,flax,2011,mixture
970,0.069,0.243574381,2113,35,0.1115,5,flax,2011,mixture
971,0.037,0.370583402,2113,36,0.142,5,flax,2011,mixture
972,0.029,0.091758034,2113,27,0.07,5,flax,2011,mixture
973,0.086,0.134338622,2113,26,0.09,5,flax,2011,mixture
974,0.109,0.125066084,2113,25.5,0.087,5,flax,2011,mixture
975,0.302,0.092067872,2113,20,0.0815,5,flax,2011,mixture
976,0.067,0.132754815,2113,24,0.093,5,flax,2011,mixture
